drug_name_A	atleast_exposure_count	exact_exposure_count	estimate_drug_cost_per_day	fraction_exact	fraction_allwindows
hydrochlorothiazide	200869744	4783080	0.8	0.0238	0.1182
thyroxine	152865768	27827440	0.32	0.182	0.0899
lisinopril	144161082	10914072	0.22	0.0757	0.0848
simvastatin	135660385	12580365	0.87	0.0927	0.0798
ethinyl estradiol	121487796	338	1.35	0	0.0715
acetaminophen	120027151	504772	1.39	0.0042	0.0706
amlodipine	102335530	4802120	1.19	0.0469	0.0602
atorvastatin	101248723	9997053	2.53	0.0987	0.0596
metoprolol	98324815	6156877	0.64	0.0626	0.0578
metformin	97176160	4482869	1.15	0.0461	0.0572
hydrocodone	89540145	4169	1.43	0	0.0527
fluticasone	87610817	11777262	3.32	0.1344	0.0515
omeprazole	71134215	8079775	0.92	0.1136	0.0418
amoxicillin	64140507	14034587	1.69	0.2188	0.0377
atenolol	51555051	3860186	0.16	0.0749	0.0303
azithromycin	50292527	11618094	3.51	0.231	0.0296
sertraline	49121733	9150978	0.56	0.1863	0.0289
zolpidem	49094653	4733449	1.22	0.0964	0.0289
albuterol	47759521	6683438	2.08	0.1399	0.0281
losartan	47262279	2514434	1	0.0532	0.0278
montelukast	46163862	8060856	3	0.1746	0.0272
valsartan	45436639	1947142	2.98	0.0429	0.0267
alprazolam	44222934	3667172	0.4	0.0829	0.026
esomeprazole	41905574	4760140	5.8	0.1136	0.0247
norethindrone	41851222	2759281	1.38	0.0659	0.0246
bupropion	40111121	4773247	2.05	0.119	0.0236
escitalopram	39419818	6855132	2.47	0.1739	0.0232
rosuvastatin	38328001	3844399	4.09	0.1003	0.0225
citalopram	37995255	5928897	0.28	0.156	0.0224
furosemide	37030414	828579	0.11	0.0224	0.0218
ezetimibe	34578672	690882	3.43	0.02	0.0203
pravastatin	33301216	2814017	0.54	0.0845	0.0196
estradiol	33147522	4574862	1.74	0.138	0.0195
fluoxetine	32974868	5542026	0.66	0.1681	0.0194
clopidogrel	32256697	744574	3.82	0.0231	0.019
benazepril	31979073	710266	1.51	0.0222	0.0188
fenofibrate	30408544	1806804	2.85	0.0594	0.0179
pantoprazole	29264905	3169352	1.88	0.1083	0.0172
oxycodone	28942817	519412	3.99	0.0179	0.017
prednisone	28904237	1839380	0.32	0.0636	0.017
gabapentin	28830448	1328527	1.58	0.0461	0.017
triamterene	28124066	3665	0.2	1e-04	0.0165
salmeterol	27261491	43329	6.82	0.0016	0.016
ibuprofen	26845655	3070433	0.62	0.1144	0.0158
warfarin	26219481	1690986	0.43	0.0645	0.0154
venlafaxine	26157929	3850191	3.16	0.1472	0.0154
tramadol	25405919	1488407	1.07	0.0586	0.0149
meloxicam	25191189	2759303	0.36	0.1095	0.0148
fexofenadine	24708932	2682794	1.76	0.1086	0.0145
clonazepam	24266770	1631623	0.37	0.0672	0.0143
dextroamphetamine	24121036	235993	4	0.0098	0.0142
olmesartan	23726278	1335423	2.94	0.0563	0.014
mometasone	23440671	4025730	3.73	0.1717	0.0138
cyclobenzaprine	23398965	1502632	0.65	0.0642	0.0138
carvedilol	23291852	645222	1	0.0277	0.0137
amphetamine	23147545	NA	4.06	NA	0.0136
tamsulosin	22761285	1788526	1.66	0.0786	0.0134
norgestimate	22759181	457	0.99	0	0.0134
duloxetine	22568622	2016246	5.87	0.0893	0.0133
clavulanate	22523364	NA	3.23	NA	0.0132
lorazepam	21961971	1568760	0.57	0.0714	0.0129
estrogens, conjugated (usp)	21287569	2173851	NA	0.1021	0.0125
ciprofloxacin	21273133	2439257	2.4	0.1147	0.0125
lansoprazole	20630914	3026784	4.6	0.1467	0.0121
drospirenone	20518292	NA	1.9	NA	0.0121
trazodone	20453318	1131663	0.22	0.0553	0.012
allopurinol	20453242	1316535	0.15	0.0644	0.012
levonorgestrel	20451893	87640	1.96	0.0043	0.012
naproxen	20391454	3034804	1.43	0.1488	0.012
diltiazem	20295625	1086896	1.24	0.0536	0.0119
codeine	19979168	4427	1.28	2e-04	0.0118
doxycycline	19944660	4356635	3.15	0.2184	0.0117
paroxetine	19925223	3138276	0.94	0.1575	0.0117
trimethoprim	19841081	44938	0.61	0.0023	0.0117
alendronate	19660970	2553938	1.05	0.1299	0.0116
glipizide	18969741	499473	0.42	0.0263	0.0112
pioglitazone	18807475	358571	5.86	0.0191	0.0111
insulin glargine	18484016	927033	7.33	0.0502	0.0109
lovastatin	18440283	1710217	0.73	0.0927	0.0108
clindamycin	18120061	2275647	4.34	0.1256	0.0107
sulfamethoxazole	17566595	12	0.61	0	0.0103
triamcinolone	17351359	2761787	1.68	0.1592	0.0102
methylphenidate	17302188	7913704	4.09	0.4574	0.0102
cephalexin	16856291	3315997	0.97	0.1967	0.0099
ramipril	16325302	980121	0.91	0.06	0.0096
sitagliptin	16181182	262746	6.67	0.0162	0.0095
ergocalciferol	16062603	1840356	0.2	0.1146	0.0094
valacyclovir	16048418	3829266	10.55	0.2386	0.0094
celecoxib	15800974	1023380	4.99	0.0648	0.0093
promethazine	15240139	643524	1.67	0.0422	0.009
diclofenac	15137885	1630323	2.35	0.1077	0.0089
spironolactone	14867784	963737	0.49	0.0648	0.0087
glimepiride	14687733	330021	0.49	0.0225	0.0086
amitriptyline	14670672	1212789	0.18	0.0827	0.0086
enalapril	14212468	954764	0.32	0.0672	0.0084
glyburide	14100712	289995	0.6	0.0206	0.0083
fluconazole	13740969	1692216	2.51	0.1232	0.0081
ranitidine	13628135	2083698	0.52	0.1529	0.008
budesonide	13379100	1317699	8.49	0.0985	0.0079
methylprednisolone	13111005	979901	1.99	0.0747	0.0077
topiramate	13081384	1259146	3.12	0.0963	0.0077
verapamil	12744867	812813	0.84	0.0638	0.0075
hydrocortisone	12469976	1586560	3.08	0.1272	0.0073
lamotrigine	11668500	1195687	3.84	0.1025	0.0069
diazepam	11608027	779498	2.62	0.0672	0.0068
clonidine	11599370	507659	0.92	0.0438	0.0068
medroxyprogesterone	11462168	2220834	1.46	0.1938	0.0067
irbesartan	11355174	561057	2.18	0.0494	0.0067
propranolol	11199612	1241059	0.79	0.1108	0.0066
levofloxacin	10701122	889601	9.77	0.0831	0.0063
metronidazole	10679861	1651905	2.77	0.1547	0.0063
pseudoephedrine	10535453	79512	2.2	0.0075	0.0062
testosterone	10379503	1456443	8.66	0.1403	0.0061
sumatriptan	10123096	1498788	11.87	0.1481	0.006
digoxin	10110391	198656	0.22	0.0196	0.0059
minocycline	10067227	3185172	5.41	0.3164	0.0059
lisdexamfetamine	10013294	4165374	5.37	0.416	0.0059
pregabalin	9754368	362360	6.11	0.0371	0.0057
cefdinir	9737581	3154790	5.67	0.324	0.0057
quinapril	9699775	508369	0.67	0.0524	0.0057
nifedipine	9582674	696369	1.29	0.0727	0.0056
desogestrel	9566253	NA	1.03	NA	0.0056
sildenafil	9384109	1707101	11.03	0.1819	0.0055
insulin, aspart, human	9218608	868855	NA	0.0943	0.0054
latanoprost	8864470	962115	1.6	0.1085	0.0052
tiotropium	8776423	298674	6.54	0.034	0.0052
timolol	8747966	430758	1.88	0.0492	0.0051
omega-3 acid ethyl esters (usp)	8662357	514328	NA	0.0594	0.0051
acyclovir	8596495	1759342	5.06	0.2047	0.0051
finasteride	8592518	839322	1.12	0.0977	0.0051
isosorbide	8553709	89218	0.37	0.0104	0.005
quetiapine	8498095	427386	7.02	0.0503	0.005
nitrofurantoin	8233034	1378971	2.84	0.1675	0.0048
betamethasone	8218016	558716	3.97	0.068	0.0048
dexamethasone	8155168	197626	6.57	0.0242	0.0048
bisoprolol	8100490	135340	0.42	0.0167	0.0048
ondansetron	8069782	1297699	8.62	0.1608	0.0047
guaifenesin	7952134	14291	1.02	0.0018	0.0047
benzoyl peroxide	7925046	272733	6.01	0.0344	0.0047
hydroxyzine	7904513	670669	0.94	0.0848	0.0046
etonogestrel	7679823	8512	2.8	0.0011	0.0045
prednisolone	7669266	1185715	2.09	0.1546	0.0045
insulin lispro	7441115	753333	9.63	0.1012	0.0044
gemfibrozil	7377616	519699	0.57	0.0704	0.0043
carisoprodol	7369333	271197	0.83	0.0368	0.0043
nebivolol	7266360	702410	2.13	0.0967	0.0043
formoterol	7241927	26767	7.06	0.0037	0.0043
temazepam	7229346	424136	0.55	0.0587	0.0043
methotrexate	7159799	573536	0.88	0.0801	0.0042
ipratropium	7145477	140014	4.28	0.0196	0.0042
azelastine	7143720	583044	3.11	0.0816	0.0042
tadalafil	7095665	1283193	10.09	0.1808	0.0042
clobetasol	7083179	1181438	4.2	0.1668	0.0042
hydroxychloroquine	7073229	521176	0.67	0.0737	0.0042
chlorthalidone	7034685	227025	0.31	0.0323	0.0041
oxybutynin	7003663	542303	1.54	0.0774	0.0041
progesterone	6969654	1021322	3.2	0.1465	0.0041
donepezil	6874808	235576	3.85	0.0343	0.004
nystatin	6856365	951857	2.38	0.1388	0.004
raloxifene	6791990	804062	3.76	0.1184	0.004
doxazosin	6639991	349564	0.32	0.0526	0.0039
risedronate	6619574	909347	3.42	0.1374	0.0039
buspirone	6547542	395802	0.68	0.0605	0.0039
lidocaine	6432015	327740	6.1	0.051	0.0038
telmisartan	6366918	356978	2.86	0.0561	0.0037
valproate	6335913	774333	16.07	0.1222	0.0037
eszopiclone	6333540	574083	5.53	0.0906	0.0037
mupirocin	6317614	1022235	2.72	0.1618	0.0037
cetirizine	6308299	1201551	1.75	0.1905	0.0037
benzonatate	6227932	283804	1.29	0.0456	0.0037
rabeprazole	6135772	757372	6.73	0.1234	0.0036
thyroid (usp)	6090195	1431483	NA	0.235	0.0036
tolterodine	6070613	380637	4.15	0.0627	0.0036
butalbital	6067312	13	2.28	0	0.0036
caffeine	6028146	2828	2.23	5e-04	0.0035
olopatadine	6001467	990067	4.63	0.165	0.0035
ibandronate	5962704	798663	3.52	0.1339	0.0035
aripiprazole	5932310	354717	19.3	0.0598	0.0035
mesalamine	5782875	1157746	13.38	0.2002	0.0034
terazosin	5718761	345648	0.29	0.0604	0.0034
mirtazapine	5704587	291879	0.58	0.0512	0.0034
chlorpheniramine	5666632	14397	3.42	0.0025	0.0033
tizanidine	5639460	181205	1.31	0.0321	0.0033
dutasteride	5548767	365304	3.39	0.0658	0.0033
ropinirole	5531278	319107	1.76	0.0577	0.0033
moxifloxacin	5530492	1038890	10.22	0.1878	0.0033
polymyxin b	5502789	106	1.58	0	0.0032
penicillin v	5496046	1115730	0.88	0.203	0.0032
ketoconazole	5443069	1047353	1.35	0.1924	0.0032
cyclosporine	5354689	691129	7.84	0.1291	0.0031
famotidine	5342206	433487	0.93	0.0811	0.0031
nabumetone	5267511	534439	1.13	0.1015	0.0031
levocetirizine	5250097	717981	1.59	0.1368	0.0031
clotrimazole	5197010	106463	2.47	0.0205	0.0031
tretinoin	5191894	814618	6.12	0.1569	0.0031
norgestrel	5038498	NA	0.82	NA	0.003
risperidone	4942738	419111	3.18	0.0848	0.0029
levetiracetam	4927256	887057	4.63	0.18	0.0029
nitroglycerin	4884823	121644	1.32	0.0249	0.0029
chlorhexidine	4837363	833227	0.29	0.1722	0.0028
nortriptyline	4695391	397445	0.38	0.0846	0.0028
desvenlafaxine	4628627	632376	4.66	0.1366	0.0027
memantine	4553649	103762	6.21	0.0228	0.0027
brimonidine	4511402	160733	3.17	0.0356	0.0027
metoclopramide	4490613	261767	0.42	0.0583	0.0026
oseltamivir	4481216	1483134	17.13	0.331	0.0026
clarithromycin	4473113	581563	6.27	0.13	0.0026
erythromycin	4455451	876419	1.99	0.1967	0.0026
solifenacin	4449086	316401	4.99	0.0711	0.0026
insulin, isophane	4377738	142309	NA	0.0325	0.0026
tobramycin	4374853	501495	7.41	0.1146	0.0026
dicyclomine	4293972	384029	0.38	0.0894	0.0025
adapalene	4282730	569268	7.66	0.1329	0.0025
colchicine	4190645	243754	4.37	0.0582	0.0025
dexlansoprazole	4122738	581093	4.54	0.1409	0.0024
pramipexole	4075946	246263	2.8	0.0604	0.0024
methocarbamol	4058394	186369	0.64	0.0459	0.0024
fentanyl	4025674	90533	13.39	0.0225	0.0024
desloratadine	4014471	412813	3.33	0.1028	0.0024
aspirin	4001693	19072	3.82	0.0048	0.0024
phenylephrine	3994542	161377	2.02	0.0404	0.0023
insulin detemir	3986262	160577	9.07	0.0403	0.0023
dexmethylphenidate	3930700	1930278	4.92	0.4911	0.0023
etodolac	3919473	447272	1.03	0.1141	0.0023
hydralazine	3907582	52603	0.81	0.0135	0.0023
sodium sulfate	3875903	751262	52.33	0.1938	0.0023
rosiglitazone	3870858	52299	5	0.0135	0.0023
morphine	3834467	108158	4.2	0.0282	0.0023
exenatide	3800385	120563	9.53	0.0317	0.0022
labetalol	3761548	377086	0.73	0.1002	0.0022
carbidopa	3758750	703	2.12	2e-04	0.0022
levodopa	3751830	53	2.05	0	0.0022
bimatoprost	3722199	353766	3.71	0.095	0.0022
neomycin	3721729	1512	2.06	4e-04	0.0022
baclofen	3711497	159637	0.86	0.043	0.0022
dorzolamide	3695600	31254	2.14	0.0085	0.0022
hyoscyamine	3686707	355265	2.26	0.0964	0.0022
levalbuterol	3684574	476060	8.03	0.1292	0.0022
rizatriptan	3661892	531738	18.17	0.1452	0.0022
carbamazepine	3651908	645357	2.02	0.1767	0.0021
fluocinonide	3640870	622959	2.44	0.1711	0.0021
beclomethasone	3577474	522216	3.77	0.146	0.0021
amiodarone	3540566	60291	0.72	0.017	0.0021
candesartan	3500923	191318	2.41	0.0546	0.0021
indomethacin	3489636	453817	1.22	0.13	0.0021
cefuroxime	3457287	518023	2.59	0.1498	0.002
estrogens, esterified (usp)	3432304	40102	NA	0.0117	0.002
anastrozole	3407093	498642	4.43	0.1464	0.002
epinephrine	3386191	964270	76.19	0.2848	0.002
atomoxetine	3368886	1092917	6.47	0.3244	0.002
triiodothyronine	3363601	194684	NA	0.0579	0.002
metaxalone	3319900	188928	8.85	0.0569	0.002
varenicline	3294962	691130	4.62	0.2098	0.0019
terbinafine	3293928	875405	1.72	0.2658	0.0019
regular insulin, human	3289196	43099	NA	0.0131	0.0019
felodipine	3277315	178984	1.27	0.0546	0.0019
phenytoin	3242514	618748	1.03	0.1908	0.0019
colesevelam	3202798	206735	6.46	0.0645	0.0019
lithium carbonate	3175468	215163	0.59	0.0678	0.0019
fosinopril	3151413	181896	0.55	0.0577	0.0019
phenazopyridine	3147558	64525	1.23	0.0205	0.0019
methyltestosterone	3144829	5557	1.46	0.0018	0.0018
dextromethorphan	3058502	225	4.44	1e-04	0.0018
meclizine	3051115	254760	0.79	0.0835	0.0018
travoprost	3044125	324726	3.82	0.1067	0.0018
tamoxifen	2965500	776093	0.57	0.2617	0.0017
sucralfate	2923380	140974	2.78	0.0482	0.0017
oxcarbazepine	2906124	468163	4.07	0.1611	0.0017
nadolol	2832469	229907	0.84	0.0812	0.0017
atropine	2829058	50513	1.33	0.0179	0.0017
sulfacetamide	2821329	315778	3.12	0.1119	0.0017
buprenorphine	2815653	55626	12.1	0.0198	0.0017
tenofovir disoproxil	2678198	103598	40.97	0.0387	0.0016
etanercept	2671773	461827	69.57	0.1729	0.0016
modafinil	2668148	219971	19.22	0.0824	0.0016
guanfacine	2666678	429630	3.91	0.1611	0.0016
desonide	2653914	556534	3.63	0.2097	0.0016
liraglutide	2642972	93527	13.57	0.0354	0.0016
vardenafil	2634714	486552	8.08	0.1847	0.0015
homatropine	2599538	6616	2.97	0.0025	0.0015
phentermine	2567644	563141	0.72	0.2193	0.0015
sotalol	2528850	119774	0.76	0.0474	0.0015
naloxone	2525765	116	12.27	0	0.0015
olanzapine	2440072	133732	10.85	0.0548	0.0014
aliskiren	2437624	74827	2.93	0.0307	0.0014
alfuzosin	2429059	241783	2.4	0.0995	0.0014
torsemide	2385086	51397	0.68	0.0215	0.0014
adalimumab	2345689	406955	78.8	0.1735	0.0014
diphenoxylate	2328711	NA	1.14	NA	0.0014
azathioprine	2294727	226835	1.15	0.0989	0.0013
saxagliptin	2284774	47291	7.49	0.0207	0.0013
emtricitabine	2279306	154	44.23	1e-04	0.0013
ketorolac	2246128	161374	2.41	0.0718	0.0013
doxepin	2201784	124542	0.75	0.0566	0.0013
tacrolimus	2198294	172286	13.8	0.0784	0.0013
indapamide	2156737	86362	0.17	0.04	0.0013
ciclopirox	2127724	364548	3.3	0.1713	0.0013
bumetanide	2126304	46426	0.37	0.0218	0.0013
loteprednol etabonate	2123132	304338	6.31	0.1433	0.0012
dipyridamole	2093162	9633	4.92	0.0046	0.0012
brompheniramine	2060770	24109	2.68	0.0117	0.0012
calcitriol	2056849	86591	2.62	0.0421	0.0012
ofloxacin	2052014	521115	2.71	0.254	0.0012
isotretinoin	2005205	1012094	16.45	0.5047	0.0012
misoprostol	1960124	59021	3.63	0.0301	0.0012
letrozole	1951630	317148	8.24	0.1625	0.0011
sulfur	1926099	86892	3.84	0.0451	0.0011
chlordiazepoxide	1900611	29073	1.57	0.0153	0.0011
mycophenolate mofetil	1891593	56744	11.36	0.03	0.0011
methimazole	1848027	429476	0.56	0.2324	0.0011
methadone	1813928	97770	0.64	0.0539	0.0011
tetracycline	1809651	426213	2.16	0.2355	0.0011
sulfasalazine	1797082	205186	0.79	0.1142	0.0011
eletriptan	1784552	241098	18.2	0.1351	0.001
benzocaine	1760745	3469	1.46	0.002	0.001
flecainide	1754640	119995	1.25	0.0684	0.001
piroxicam	1720993	220985	0.87	0.1284	0.001
antipyrine	1713853	NA	1.44	NA	0.001
dabigatran etexilate	1703138	46201	7.74	0.0271	0.001
hydromorphone	1701174	48284	3.46	0.0284	0.001
trandolapril	1684700	48201	1.85	0.0286	0.001
norelgestromin	1679159	NA	2.66	NA	0.001
insulin, aspart protamine, human	1645416	81	NA	0	0.001
cholestyramine resin	1632798	186732	66.05	0.1144	0.001
theophylline	1624976	45711	0.8	0.0281	0.001
darifenacin	1611616	91708	4.22	0.0569	9e-04
ethynodiol	1609069	NA	0.78	NA	9e-04
imipramine	1603697	195789	1.39	0.1221	9e-04
phenobarbital	1602201	188020	0.23	0.1174	9e-04
cilostazol	1597719	42251	1.14	0.0264	9e-04
potassium citrate	1588039	139558	1.96	0.0879	9e-04
fluocinolone	1585554	300384	3.09	0.1895	9e-04
lactulose	1581913	165088	1.12	0.1044	9e-04
lubiprostone	1522066	119537	7.01	0.0785	9e-04
cefprozil	1512850	502658	5.09	0.3323	9e-04
enoxaparin	1510044	151473	67.23	0.1003	9e-04
metolazone	1505379	20772	0.77	0.0138	9e-04
prochlorperazine	1498562	58376	1.38	0.039	9e-04
desoximetasone	1473758	267545	6.23	0.1815	9e-04
gentamicin sulfate (usp)	1459137	377641	NA	0.2588	9e-04
primidone	1443674	75165	1.01	0.0521	8e-04
rivaroxaban	1405165	87612	9.13	0.0623	8e-04
scopolamine	1403456	189015	4.08	0.1347	8e-04
azelate	1400291	209475	NA	0.1496	8e-04
zolmitriptan	1396815	208723	19.17	0.1494	8e-04
ursodeoxycholate	1389862	148352	NA	0.1067	8e-04
terconazole	1380479	251144	6	0.1819	8e-04
efavirenz	1370428	2608	47.01	0.0019	8e-04
econazole	1353418	252695	1.6	0.1867	8e-04
rivastigmine	1343005	46209	7.54	0.0344	8e-04
salmon calcitonin	1342466	89655	NA	0.0668	8e-04
fluvastatin	1339839	93760	3.2	0.07	8e-04
imiquimod	1330977	453446	15.44	0.3407	8e-04
dapsone	1308813	171089	8.26	0.1307	8e-04
ziprasidone	1287405	58437	10.67	0.0454	8e-04
ciclesonide	1281674	178184	5.15	0.139	8e-04
clidinium	1255777	NA	2.17	NA	7e-04
captopril	1253309	42910	0.38	0.0342	7e-04
prasugrel	1236856	29317	6.82	0.0237	7e-04
desmopressin	1236713	500378	5.9	0.4046	7e-04
propafenone	1217485	68484	5.51	0.0563	7e-04
oxaprozin	1199585	126981	1.33	0.1059	7e-04
silver sulfadiazine	1189137	195127	0.91	0.1641	7e-04
triazolam	1182694	82025	0.82	0.0694	7e-04
calcipotriene	1176815	63009	20.6	0.0535	7e-04
famciclovir	1176637	214595	14.18	0.1824	7e-04
interferon beta-1a	1160724	258490	103.92	0.2227	7e-04
cyproheptadine	1156351	259343	0.59	0.2243	7e-04
ranolazine	1137649	16061	8.14	0.0141	7e-04
pramoxine	1134338	5989	5.66	0.0053	7e-04
fluvoxamine	1130515	186940	2.64	0.1654	7e-04
fludrocortisone	1126449	79599	0.71	0.0707	7e-04
zaleplon	1118870	83402	1.59	0.0745	7e-04
repaglinide	1115576	24019	6.32	0.0215	7e-04
clorazepate	1102907	70225	1.02	0.0637	6e-04
leflunomide	1092540	42372	2.41	0.0388	6e-04
cefadroxil	1092495	249234	2.65	0.2281	6e-04
sulindac	1091324	92837	0.56	0.0851	6e-04
zonisamide	1085191	121434	1.93	0.1119	6e-04
glatiramer	1078660	233972	115.03	0.2169	6e-04
brinzolamide	1048123	46018	3.14	0.0439	6e-04
nisoldipine	1037470	60146	3.76	0.058	6e-04
megestrol	1033422	65349	3.72	0.0632	6e-04
ritonavir	1014678	5306	14.35	0.0052	6e-04
fluorouracil	1008992	192468	11.73	0.1908	6e-04
armodafinil	1006835	94620	12.86	0.094	6e-04
febuxostat	996301	71348	5.82	0.0716	6e-04
gatifloxacin	989629	123120	6.42	0.1244	6e-04
insulin, protamine lispro, human	973663	NA	NA	NA	6e-04
synthetic conjugated estrogens, a	970230	140055	NA	0.1444	6e-04
isosorbide dinitrate	951249	9085	1.16	0.0096	6e-04
cimetidine	947235	154484	0.45	0.1631	6e-04
aluminum chloride	939343	280424	0.33	0.2985	6e-04
permethrin	925604	298856	17.19	0.3229	5e-04
mercaptopurine	924465	137994	2.86	0.1493	5e-04
orphenadrine	923865	41010	1.72	0.0444	5e-04
tazarotene	922398	145547	11.09	0.1578	5e-04
moexipril	906768	35387	0.93	0.039	5e-04
benztropine	903150	14005	0.24	0.0155	5e-04
flunisolide	901035	118457	1.11	0.1315	5e-04
loratadine	895072	105087	0.31	0.1174	5e-04
nateglinide	881395	16914	3.52	0.0192	5e-04
pentosan polysulfate	880157	73220	12.36	0.0832	5e-04
estropipate	873767	78472	0.3	0.0898	5e-04
prilocaine	853735	97	3.48	1e-04	5e-04
amiloride	838026	12051	0.55	0.0144	5e-04
lamivudine	818230	12891	25.12	0.0158	5e-04
vilazodone	810795	91354	4.72	0.1127	5e-04
methyldopa	797672	181681	0.4	0.2278	5e-04
ampicillin	788304	218701	0.87	0.2774	5e-04
acetazolamide	776132	102174	2.58	0.1316	5e-04
sevelamer	775318	22448	17.4	0.029	5e-04
pentoxifylline	767602	33111	0.63	0.0431	5e-04
pimecrolimus	764756	162502	9.4	0.2125	4e-04
amantadine	758579	38337	1.64	0.0505	4e-04
pitavastatin	756342	70402	4.19	0.0931	4e-04
atovaquone	754537	1659	10.12	0.0022	4e-04
insulin, glulisine, human	752811	71836	NA	0.0954	4e-04
milnacipran	742142	27697	4.32	0.0373	4e-04
fluorometholone	729680	125952	1.53	0.1726	4e-04
colestipol	726433	66649	1.56	0.0917	4e-04
dronedarone	717545	27903	8.66	0.0389	4e-04
nizatidine	715532	156069	1.74	0.2181	4e-04
probenecid	714501	32249	0.92	0.0451	4e-04
fesoterodine	712337	48377	4.9	0.0679	4e-04
oxymorphone	709259	19634	16.71	0.0277	4e-04
linagliptin	707839	17790	7.93	0.0251	4e-04
bromfenac	706421	37622	8	0.0533	4e-04
halobetasol	688187	106767	3.59	0.1551	4e-04
trospium	685343	35978	3.98	0.0525	4e-04
somatropin	682412	276497	105.59	0.4052	4e-04
ramelteon	681115	36974	3.92	0.0543	4e-04
proguanil	679709	NA	5.97	NA	4e-04
glycopyrrolate	675519	123129	2.53	0.1823	4e-04
docusate	659909	124479	0.08	0.1886	4e-04
silodosin	650418	62977	4.23	0.0968	4e-04
exemestane	649358	92303	9.51	0.1421	4e-04
minoxidil	644574	12167	0.74	0.0189	4e-04
hydroxyurea	633883	87248	1.07	0.1376	4e-04
nepafenac	632882	24049	7.84	0.038	4e-04
acebutolol	630247	57168	0.66	0.0907	4e-04
synthetic conjugated estrogens, b	628444	107360	NA	0.1708	4e-04
zafirlukast	616140	33727	2.68	0.0547	4e-04
cabergoline	614121	164644	5.97	0.2681	4e-04
meperidine	613660	18022	2.44	0.0294	4e-04
prazosin	611218	20905	0.42	0.0342	4e-04
tapentadol	603499	27894	11.39	0.0462	4e-04
pilocarpine	588449	28554	1.65	0.0485	3e-04
griseofulvin	582586	249072	4.01	0.4275	3e-04
ketoprofen	579369	55469	4.74	0.0957	3e-04
clomiphene	578820	206760	2.87	0.3572	3e-04
canagliflozin	577028	17838	9.72	0.0309	3e-04
methscopolamine	567401	70289	3.03	0.1239	3e-04
galantamine	565799	16509	4.42	0.0292	3e-04
balsalazide	563646	100289	5.43	0.1779	3e-04
teriparatide	563419	66885	34.83	0.1187	3e-04
methenamine	563303	11279	2.27	0.02	3e-04
eplerenone	563122	10669	3.45	0.0189	3e-04
midodrine	560368	32942	3.41	0.0588	3e-04
bicalutamide	554899	51448	7.01	0.0927	3e-04
entacapone	531876	2043	10.28	0.0038	3e-04
naftifine	527735	97527	9.74	0.1848	3e-04
salicylic acid	527498	107635	4.45	0.204	3e-04
haloperidol	516324	25128	0.9	0.0487	3e-04
selenium sulfide	493046	104538	0.91	0.212	3e-04
chlorzoxazone	490101	21777	0.96	0.0444	3e-04
difluprednate	478545	23312	6.58	0.0487	3e-04
abacavir	475915	482	29.43	0.001	3e-04
rasagiline	472413	20842	11.59	0.0441	3e-04
pirbuterol	467798	67460	4.47	0.1442	3e-04
cinacalcet	466425	16719	21.04	0.0358	3e-04
cefixime	465513	142653	19.44	0.3064	3e-04
isradipine	461555	23776	2.9	0.0515	3e-04
oxazepam	461078	30011	1.24	0.0651	3e-04
atazanavir	448241	2566	30.76	0.0057	3e-04
quinine	444690	17946	4.14	0.0404	3e-04
nefazodone	443372	39339	1.4	0.0887	3e-04
naratriptan	439332	50921	11.9	0.1159	3e-04
glucagon	438504	19518	78.55	0.0445	3e-04
pyridostigmine	438219	42852	2.47	0.0978	3e-04
bromocriptine	437696	92316	3.81	0.2109	3e-04
cevimeline	436601	16994	6.35	0.0389	3e-04
sodium phosphate	436263	88796	2.87	0.2035	3e-04
naltrexone	428334	29683	6.36	0.0693	3e-04
frovatriptan	424990	48772	23.68	0.1148	2e-04
desipramine	423669	32386	2.04	0.0764	2e-04
isometheptene	416038	24955	3.81	0.06	2e-04
bacitracin	415457	38037	3.38	0.0916	2e-04
clomipramine	415368	45353	3.83	0.1092	2e-04
perindopril	406386	30581	1.7	0.0753	2e-04
mefloquine	405675	182482	1.34	0.4498	2e-04
rifaximin	402332	23821	32.58	0.0592	2e-04
betaxolol	400454	29028	2.82	0.0725	2e-04
raltegravir	395407	2426	32.14	0.0061	2e-04
acarbose	394504	10042	1.77	0.0255	2e-04
penciclovir	392740	68706	13.71	0.1749	2e-04
acetic acid	391528	17496	7.98	0.0447	2e-04
perphenazine	388422	7219	1.2	0.0186	2e-04
loperamide	382863	19065	1.05	0.0498	2e-04
epinastine	380994	55585	3.83	0.1459	2e-04
paricalcitol	378771	6912	8.48	0.0182	2e-04
zidovudine	376074	854	25.76	0.0023	2e-04
dofetilide	374918	15229	7.24	0.0406	2e-04
propylthiouracil	373945	93546	0.57	0.2502	2e-04
leuprolide	368522	77227	41.88	0.2096	2e-04
pyrilamine	361256	11859	3.4	0.0328	2e-04
flurbiprofen	357540	39198	26.91	0.1096	2e-04
salsalate	352941	15747	0.77	0.0446	2e-04
isoniazid	348162	143064	0.22	0.4109	2e-04
chorionic gonadotropin	346598	26469	63.45	0.0764	2e-04
bethanechol	342097	13443	2.24	0.0393	2e-04
linaclotide	340218	33139	8.02	0.0974	2e-04
flurazepam	335884	20261	0.21	0.0603	2e-04
dicloxacillin	335218	84176	1.95	0.2511	2e-04
levobunolol	331625	27334	0.38	0.0824	2e-04
rifampin	331346	14580	2.79	0.044	2e-04
almotriptan	329927	39096	18.55	0.1185	2e-04
oxiconazole	319960	71873	7.65	0.2246	2e-04
leucovorin	317687	10533	3.35	0.0332	2e-04
isopropyl alcohol	314755	18529	0.39	0.0589	2e-04
alclometasone	313929	77374	2.14	0.2465	2e-04
lacosamide	305554	20256	18.08	0.0663	2e-04
mycophenolic acid	304009	3864	NA	0.0127	2e-04
diflunisal	303033	22405	2.27	0.0739	2e-04
pramlintide	299471	6118	16.26	0.0204	2e-04
interferon beta-1b	299198	57249	100.18	0.1913	2e-04
imatinib	297734	70268	172.21	0.236	2e-04
epoetin alfa	294442	8924	45.83	0.0303	2e-04
besifloxacin	291864	18871	6.59	0.0647	2e-04
darunavir	289638	1644	32.49	0.0057	2e-04
pindolol	288369	26115	0.8	0.0906	2e-04
citric acid	282428	755	30.26	0.0027	2e-04
trihexyphenidyl	281124	14026	0.34	0.0499	2e-04
lopinavir	277240	NA	23.73	NA	2e-04
aprepitant	272969	11944	74.57	0.0438	2e-04
cefaclor	271180	57157	3.06	0.2108	2e-04
docosahexaenoate	268754	42128	NA	0.1568	2e-04
sirolimus	267934	5621	24.88	0.021	2e-04
itraconazole	259213	53293	16.84	0.2056	2e-04
paliperidone	254617	19233	24.8	0.0755	1e-04
mebendazole	254613	140168	3.31	0.5505	1e-04
cromolyn	252972	34516	4.47	0.1364	1e-04
entecavir	246735	104107	26.94	0.4219	1e-04
flurandrenolide	245677	43036	14.77	0.1752	1e-04
apixaban	242418	6654	9.14	0.0274	1e-04
tetrahydrocannabinol	242126	9180	NA	0.0379	1e-04
diphenhydramine	242030	8589	2.17	0.0355	1e-04
acamprosate	241651	14229	4.35	0.0589	1e-04
omalizumab	238092	24872	77.5	0.1045	1e-04
nicotine	237455	28155	5.14	0.1186	1e-04
diflorasone	234796	38443	6.2	0.1637	1e-04
azilsartan	233206	17254	3.2	0.074	1e-04
ribavirin	230121	6409	20.34	0.0279	1e-04
nevirapine	227403	1784	14.26	0.0078	1e-04
chloroquine	226756	72006	0.95	0.3175	1e-04
mirabegron	224455	12505	7.67	0.0557	1e-04
butorphanol	224020	9427	6.16	0.0421	1e-04
disulfiram	221247	22781	3.42	0.103	1e-04
selegiline	220895	11042	8.33	0.05	1e-04
carbinoxamine	219972	31142	1.4	0.1416	1e-04
cefpodoxime	216391	27345	8.75	0.1264	1e-04
capecitabine	213651	24977	97.65	0.1169	1e-04
tinidazole	212716	48340	20.03	0.2273	1e-04
levocarnitine	209084	40384	2.65	0.1931	1e-04
acitretin	206814	28243	37.81	0.1366	1e-04
retapamulin	206624	36550	8.85	0.1769	1e-04
bepotastine	205932	31290	6.52	0.1519	1e-04
dihydrocodeine	205324	1798	4.24	0.0088	1e-04
vancomycin	203735	10529	77.3	0.0517	1e-04
biotin	201656	20719	1.6	0.1027	1e-04
sodium polystyrene sulfonate	200032	4968	7.21	0.0248	1e-04
eprosartan	198610	8313	2.77	0.0419	1e-04
ketamine	197627	19245	60.43	0.0974	1e-04
alprostadil	195825	24635	33.64	0.1258	1e-04
lurasidone	194766	8924	22.77	0.0458	1e-04
dichloralphenazone	192802	120	3.47	6e-04	1e-04
iodoquinol	187235	305	3.25	0.0016	1e-04
pentazocine	186954	NA	4.51	NA	1e-04
hydroquinone	182696	28833	2.71	0.1578	1e-04
estazolam	181660	11702	0.56	0.0644	1e-04
chlorpromazine	181049	6803	2.16	0.0376	1e-04
collagenase	179961	6858	21.57	0.0381	1e-04
lenalidomide	179012	13166	309.17	0.0735	1e-04
clozapine	178672	17875	5.62	0.1	1e-04
dalfampridine	178392	10138	42.77	0.0568	1e-04
ethosuximide	176345	71724	2.79	0.4067	1e-04
dienogest	176302	NA	3.06	NA	1e-04
clocortolone	176299	37914	10.32	0.2151	1e-04
phenyltoloxamine	174123	6452	2.03	0.0371	1e-04
orlistat	172321	15346	8.49	0.0891	1e-04
ticagrelor	172080	3608	7.84	0.021	1e-04
estriol	171606	22631	5.18	0.1319	1e-04
sibutramine	170802	31398	3.81	0.1838	1e-04
dornase alfa	168204	13927	82.8	0.0828	1e-04
valganciclovir	167687	1962	73.31	0.0117	1e-04
peginterferon alfa-2a	167343	4522	78.58	0.027	1e-04
doxercalciferol	165600	2858	11.55	0.0173	1e-04
botulinum toxin type a	165227	22726	NA	0.1375	1e-04
trimethobenzamide	164111	7780	3.5	0.0474	1e-04
alcaftadine	162944	31103	4.98	0.1909	1e-04
hyaluronate	162689	26112	25.93	0.1605	1e-04
mestranol	158789	NA	0.83	NA	1e-04
tranexamic acid	158724	52915	22.31	0.3334	1e-04
methylergonovine	155108	14324	10.8	0.0923	1e-04
golimumab	152550	17846	81.48	0.117	1e-04
podofilox	149997	60558	15.59	0.4037	1e-04
sertaconazole	149743	27091	6.7	0.1809	1e-04
disopyramide	148002	9139	2.89	0.0617	1e-04
certolizumab pegol	147276	18545	87.22	0.1259	1e-04
anagrelide	143080	16108	4.28	0.1126	1e-04
erlotinib	139349	11088	136.77	0.0796	1e-04
fondaparinux	138411	10049	77.83	0.0726	1e-04
cyclopentolate	137342	13962	1.05	0.1017	1e-04
heparin, porcine	135791	153	NA	0.0011	1e-04
sodium oxybate	135017	14220	129.49	0.1053	1e-04
ustekinumab	132394	36558	297.44	0.2761	1e-04
roflumilast	131332	2065	6.42	0.0157	1e-04
acetylcysteine	130452	3668	3.39	0.0281	1e-04
heparin	130085	NA	7.79	NA	1e-04
butoconazole	129094	26888	35.9	0.2083	1e-04
fingolimod	126869	23396	156.24	0.1844	1e-04
dapagliflozin	126423	3870	10.15	0.0306	1e-04
miconazole	125859	41105	14.37	0.3266	1e-04
asenapine	124087	5036	15.6	0.0406	1e-04
mexiletine	123752	5888	1.25	0.0476	1e-04
tiagabine	122909	2931	10.6	0.0238	1e-04
dimethyl fumarate	121854	23287	161.73	0.1911	1e-04
quinidine	119108	3362	9.03	0.0282	1e-04
ticlopidine	117135	2536	1.15	0.0217	1e-04
phendimetrazine	116825	21036	0.69	0.1801	1e-04
follicle stimulating hormone	113719	NA	188.7	NA	1e-04
luteinizing hormone	113719	NA	188.7	NA	1e-04
thiothixene	113166	5065	3.62	0.0448	1e-04
tegaserod	113149	11876	6.03	0.105	1e-04
methazolamide	112932	6029	2.18	0.0534	1e-04
etravirine	110995	617	25.83	0.0056	1e-04
bosentan	110243	4739	180.83	0.043	1e-04
follitropin beta	110114	3432	364.99	0.0312	1e-04
infliximab	109611	19198	167.68	0.1751	1e-04
linezolid	109302	5048	166.07	0.0462	1e-04
aclidinium	108692	3427	10.68	0.0315	1e-04
lanthanum carbonate	108634	3527	22.71	0.0325	1e-04
darbepoetin alfa	107858	3425	65.94	0.0318	1e-04
dihydroergotamine	106603	4602	44.24	0.0432	1e-04
fluphenazine	105156	6173	0.92	0.0587	1e-04
picosulfate sodium	103930	NA	NA	NA	1e-04
arformoterol	103901	1568	12.49	0.0151	1e-04
trifluoperazine	103546	5192	0.99	0.0501	1e-04
malathion	103227	66119	51.04	0.6405	1e-04
temozolomide	102424	4975	208.37	0.0486	1e-04
adefovir	101810	34929	24.71	0.3431	1e-04
chlorothiazide	100734	9217	0.44	0.0915	1e-04
ivermectin	100202	25234	27.68	0.2518	1e-04
gemifloxacin	100074	8920	24.65	0.0891	1e-04
rilpivirine	100002	58	22.83	6e-04	1e-04
diethylpropion	99808	15534	0.86	0.1556	1e-04
meprobamate	98628	4656	3.64	0.0472	1e-04
fosamprenavir	98564	603	28.24	0.0061	1e-04
denosumab	98517	13033	52.52	0.1323	1e-04
benzoate	97968	172	18.02	0.0018	1e-04
sodium citrate	97647	71	0.88	7e-04	1e-04
filgrastim	97362	7134	205.12	0.0733	1e-04
ethambutol	97141	663	2.74	0.0068	1e-04
zileuton	97122	3256	24.68	0.0335	1e-04
mefenamate	96728	25953	NA	0.2683	1e-04
voriconazole	95456	3714	67.15	0.0389	1e-04
protriptyline	92490	4866	4.68	0.0526	1e-04
terbutaline	91632	16733	1.66	0.1826	1e-04
trifluridine	88702	10333	8.04	0.1165	1e-04
gramicidin	88607	NA	2.01	NA	1e-04
tolazamide	88125	2655	0.21	0.0301	1e-04
dexchlorpheniramine	86920	1447	3.12	0.0166	1e-04
abatacept	84841	5437	81.68	0.0641	0
thioridazine	84811	5877	0.52	0.0693	0
carteolol	84538	6923	0.56	0.0819	0
alosetron	81435	8929	33.33	0.1096	0
acrivastine	81375	NA	4.89	NA	0
zanamivir	81205	26932	9.18	0.3317	0
rotigotine	79773	3575	11.19	0.0448	0
miglitol	79323	1701	2.52	0.0214	0
cobicistat	78421	NA	6.94	NA	0
elvitegravir	78409	NA	NA	NA	0
cyclophosphamide	78060	3173	6.69	0.0406	0
ceftriaxone	75819	3063	16.96	0.0404	0
granisetron	74444	2243	49.61	0.0301	0
didanosine	74429	676	6.83	0.0091	0
clemastine	72951	7933	0.61	0.1087	0
palivizumab	70584	36848	100.96	0.522	0
hexachlorophene	70552	8652	2.27	0.1226	0
bendroflumethiazide	70441	20	2.06	3e-04	0
follitropin alfa	69312	2305	419.37	0.0333	0
halcinonide	69201	11404	11.26	0.1648	0
immunoglobulin g	68843	7662	NA	0.1113	0
flavoxate	67939	2423	3.84	0.0357	0
castor oil	67808	NA	4.89	NA	0
trypsin	67773	NA	4.89	NA	0
pegfilgrastim	67638	4113	626.26	0.0608	0
prednicarbate	67581	17869	2.71	0.2644	0
ergotamine	67344	460	3.86	0.0068	0
nicardipine	65662	2358	1.38	0.0359	0
cefditoren	65640	9175	17.33	0.1398	0
felbamate	65221	5765	18.62	0.0884	0
vortioxetine	64511	5203	8.07	0.0807	0
colistin	64003	352	90.98	0.0055	0
hylan g-f 20	63415	9418	NA	0.1485	0
riluzole	61420	6737	30.61	0.1097	0
tafluprost	61339	6702	3.46	0.1093	0
opium	61155	3370	22.77	0.0551	0
ganirelix	60899	795	100.88	0.0131	0
clobazam	60886	3245	19.12	0.0533	0
ethacrynate	60768	1592	620.84	0.0262	0
octreotide	60447	6940	113.53	0.1148	0
dantrolene	60183	2092	3.58	0.0348	0
phenelzine	59723	6532	2.58	0.1094	0
ospemifene	58614	9214	5.19	0.1572	0
tolmetin	56803	5057	2.65	0.089	0
lorcaserin	55347	6398	6.55	0.1156	0
tranylcypromine	54762	4520	6.17	0.0825	0
ceftibuten	53903	15938	22.27	0.2957	0
thonzonium	53897	NA	NA	NA	0
fenoprofen	53544	7485	2.49	0.1398	0
dalteparin	53529	3789	64.56	0.0708	0
pimozide	51964	10591	2.91	0.2038	0
nelfinavir	51911	587	22.31	0.0113	0
danazol	51886	10160	5.85	0.1958	0
dasatinib	51407	13236	236.69	0.2575	0
peginterferon alfa-2b	51055	1983	76.31	0.0388	0
ambrisentan	50627	2003	191.27	0.0396	0
loxapine	50419	1994	1.64	0.0395	0
lindane	50247	16788	45.06	0.3341	0
17-alpha-hydroxyprogesterone	50145	26206	NA	0.5226	0
butenafine	50113	8025	6.92	0.1601	0
bismuth subcitrate	49318	NA	NA	NA	0
sunitinib	48968	3842	216.12	0.0785	0
methyclothiazide	48169	3058	0.65	0.0635	0
nitazoxanide	47664	10632	34.31	0.2231	0
amcinonide	47583	7226	3.95	0.1519	0
olsalazine	47165	5722	12.37	0.1213	0
eflornithine	46572	6797	3.46	0.1459	0
thalidomide	46206	3100	196.09	0.0671	0
abiraterone	45730	1550	205.78	0.0339	0
aloe polysaccharide	45627	NA	NA	NA	0
nedocromil	45451	5633	3.24	0.1239	0
levomilnacipran	43822	3235	7.51	0.0738	0
papaverine	42892	3348	1.81	0.0781	0
sorafenib	42879	3125	204.65	0.0729	0
ingenol mebutate	42714	8420	170.03	0.1971	0
deferasirox	41858	11076	162.11	0.2646	0
cortisone	41653	1540	0.85	0.037	0
maraviroc	41477	225	35.53	0.0054	0
oxandrolone	41242	4084	18.09	0.099	0
flutamide	41217	3557	3.75	0.0863	0
stavudine	41148	310	7.69	0.0075	0
ganciclovir	41064	3679	19.54	0.0896	0
rufinamide	40950	1640	28.98	0.04	0
demeclocycline	40679	846	17.64	0.0208	0
albendazole	40513	17305	51.36	0.4271	0
everolimus	40020	1867	254.53	0.0467	0
doxylamine	39867	17911	14.55	0.4493	0
alogliptin	39254	417	9.11	0.0106	0
sulconazole	39202	6929	3.76	0.1768	0
phytosterols	38630	NA	NA	NA	0
natalizumab	37772	5983	122.53	0.1584	0
lapatinib	37366	3382	113.37	0.0905	0
chloroxylenol	37205	46	2.22	0.0012	0
bisacodyl	36489	2396	38.54	0.0657	0
sinecatechins	35285	13598	33.23	0.3854	0
crotamiton	34176	5286	10.6	0.1547	0
meclofenamate	33224	4348	4.81	0.1309	0
tofacitinib	32703	2108	74.66	0.0645	0
efinaconazole	32489	7136	21.91	0.2196	0
chlorpropamide	32465	1173	0.71	0.0361	0
hydroxypropylcellulose	32450	3151	NA	0.0971	0
amoxapine	31042	961	1.34	0.031	0
vilanterol	30786	515	8.68	0.0167	0
maprotiline	30689	1452	1.32	0.0473	0
saquinavir	29363	232	25.19	0.0079	0
nilotinib	29143	5991	258.97	0.2056	0
phentolamine	29128	4291	15.77	0.1473	0
stannous fluoride	29046	7131	0.54	0.2455	0
rimantadine	29012	3700	2.62	0.1275	0
sulfisoxazole	28755	2176	2.06	0.0757	0
iloperidone	28585	1301	19.47	0.0455	0
propantheline	28040	3713	1.34	0.1324	0
sofosbuvir	27680	193	1021.87	0.007	0
ketotifen	27535	3852	2.38	0.1399	0
bismuth subsalicylate	26291	32	0.61	0.0012	0
telithromycin	25905	3134	10.33	0.121	0
triprolidine	25776	953	3.19	0.037	0
penicillamine	25548	3410	23.57	0.1335	0
metaproterenol	25418	2429	1.67	0.0956	0
zoledronic acid	24806	2444	105.75	0.0985	0
rimexolone	24561	2400	2.15	0.0977	0
dolutegravir	24103	245	46.32	0.0102	0
pazopanib	23498	1609	203.49	0.0685	0
interferon alfa-2b	23230	4056	108.02	0.1746	0
fosfomycin	22882	1801	37.9	0.0787	0
urofollitropin	22691	671	254.12	0.0296	0
norfloxacin	22644	1262	5.11	0.0557	0
metipranolol	22376	1712	0.69	0.0765	0
becaplermin	22278	986	53.33	0.0443	0
apraclonidine	22184	1798	5.06	0.081	0
penbutolol	21998	1229	2.49	0.0559	0
amphotericin b	21392	1693	27.49	0.0791	0
posaconazole	21225	695	125.85	0.0327	0
benzphetamine	20863	2919	2.65	0.1399	0
tetrabenazine	20694	2655	177.12	0.1283	0
chlorambucil	20593	1713	12.27	0.0832	0
efalizumab	20093	4519	61.38	0.2249	0
doconexent	19999	NA	NA	NA	0
telaprevir	19832	128	596.33	0.0065	0
paregoric	19702	1276	6.11	0.0648	0
penicillin g	19414	4313	30.17	0.2222	0
teriflunomide	18689	2338	153.75	0.1251	0
anakinra	18178	2462	63.84	0.1354	0
methamphetamine	17455	2275	17.95	0.1303	0
salicylamide	17308	NA	2.47	NA	0
estrone	17254	2347	2.27	0.136	0
rifabutin	17231	191	19.91	0.0111	0
lodoxamide	17205	2630	4.19	0.1529	0
avanafil	17178	2433	18.07	0.1416	0
bupivacaine	17000	1272	22.32	0.0748	0
trimipramine	16971	952	5.83	0.0561	0
menthol	16942	290	38.9	0.0171	0
formic acid	16456	NA	1.15	NA	0
indinavir	16225	260	13.78	0.016	0
naphazoline	16207	2745	0.27	0.1694	0
eltrombopag	16047	2809	152.36	0.175	0
empagliflozin	15980	685	10.07	0.0429	0
dexbrompheniramine	15923	211	2.62	0.0133	0
tropicamide	15753	1280	0.95	0.0813	0
sapropterin	15717	10211	298.59	0.6497	0
enzalutamide	15530	1256	260.01	0.0809	0
amlexanox	15065	3292	2.97	0.2185	0
hydroxocobalamin	15049	1773	14.68	0.1178	0
oxyquinoline	15045	130	2.06	0.0086	0
reserpine	14952	853	0.8	0.057	0
rho(d) immune globulin	14589	9399	NA	0.6443	0
aztreonam	14472	615	178.6	0.0425	0
tocilizumab	14435	1027	63.84	0.0711	0
auranofin	14058	460	14.49	0.0327	0
melphalan	13940	262	23.63	0.0188	0
toremifene	13807	2904	20.85	0.2103	0
methylnaltrexone	13664	113	32.09	0.0083	0
methoxsalen	13583	2114	66.76	0.1556	0
cadexomer iodine	13576	647	8.16	0.0477	0
thyrotropin alfa	13489	961	795.5	0.0712	0
bexarotene	13335	788	182.2	0.0591	0
glutathione	12833	2256	6.29	0.1758	0
midazolam	12749	2545	3.94	0.1996	0
anthralin	12702	2642	8.13	0.208	0
nilutamide	12646	1108	28.44	0.0876	0
spinosad	12599	7888	65.81	0.6261	0
boceprevir	11794	87	161.98	0.0074	0
succimer	11554	2567	19.44	0.2222	0
phenoxybenzamine	11548	591	24.51	0.0512	0
vigabatrin	11329	1747	196.09	0.1542	0
dimethyl sulfoxide	11255	1427	57.53	0.1268	0
indacaterol	10980	377	5.69	0.0343	0
tolbutamide	10873	408	0.58	0.0375	0
cetrorelix	10775	180	132.08	0.0167	0
domperidone	10664	1755	4.04	0.1646	0
enfuvirtide	10311	253	103.24	0.0245	0
etoposide	10272	500	69.09	0.0487	0
bazedoxifene	9916	NA	3.72	NA	0
pegvisomant	9858	1151	176.18	0.1168	0
dolasetron	9664	395	56.11	0.0409	0
lithium citrate	9658	145	1.39	0.015	0
corticotropin	9623	597	3141.29	0.062	0
luliconazole	9541	1925	16.44	0.2018	0
carbachol	9390	363	1.36	0.0387	0
goserelin	9358	1322	37.2	0.1413	0
tipranavir	9354	32	32.4	0.0034	0
capsaicin	9327	89	59.94	0.0095	0
melatonin	9268	481	2.2	0.0519	0
nimodipine	9078	325	42.69	0.0358	0
treprostinil	8929	167	477.54	0.0187	0
sulfanilamide	8922	1878	7.84	0.2105	0
fluoxymesterone	8919	807	4.68	0.0905	0
ranibizumab	8878	1049	86.98	0.1182	0
echothiophate	8772	1767	2.91	0.2014	0
tiopronin	8650	1063	20.02	0.1229	0
pyrazinamide	8627	40	2.58	0.0046	0
nalbuphine	8584	318	6.88	0.037	0
telbivudine	8538	2765	20.99	0.3238	0
betahistine	8532	899	4.39	0.1054	0
lanreotide	8501	1405	138.55	0.1653	0
tolcapone	8446	102	35.33	0.0121	0
methsuximide	8159	808	3.81	0.099	0
rituximab	7634	521	418.23	0.0682	0
diazoxide	7617	2706	21.3	0.3553	0
apremilast	7510	990	62.6	0.1318	0
iohexol	7417	1003	1.31	0.1352	0
lithium	7362	NA	1.42	NA	0
ertapenem	7243	197	70.94	0.0272	0
interferon alfacon-1	7204	342	88.52	0.0475	0
simeprevir	7109	13	795.3	0.0018	0
sargramostim	6766	925	176.63	0.1367	0
oxytocin	6502	899	200.9	0.1383	0
aminophylline	6441	445	0.43	0.0691	0
mecasermin	6414	3394	168.1	0.5292	0
vemurafenib	6377	769	315.36	0.1206	0
axitinib	6082	302	322.23	0.0497	0
praziquantel	5998	1492	37.72	0.2487	0
molindone	5936	233	5.99	0.0393	0
bevacizumab	5898	364	270.69	0.0617	0
fidaxomicin	5814	290	285.06	0.0499	0
sulfadiazine	5785	626	9.3	0.1082	0
crizotinib	5709	1029	343.59	0.1802	0
pyrimethamine	5705	147	9.03	0.0258	0
trientine	5695	2593	162.52	0.4553	0
palonosetron	5429	26	123.65	0.0048	0
quazepam	5399	323	4.25	0.0598	0
interferon gamma-1b	5142	466	293.73	0.0906	0
cefepime	5124	90	44.13	0.0176	0
mepenzolate	5089	207	4.01	0.0407	0
ledipasvir	4917	NA	1119.4	NA	0
ceftazidime	4809	111	21.68	0.0231	0
procainamide	4682	137	2.87	0.0293	0
ivacaftor	4552	527	828.66	0.1158	0
cefazolin	4417	122	10.65	0.0276	0
piperacillin	4384	NA	67.85	NA	0
sulfonated phenol	4383	1375	NA	0.3137	0
tazobactam	4370	NA	67.91	NA	0
apomorphine	4290	149	351.34	0.0347	0
regorafenib	4239	302	355.88	0.0712	0
procarbazine	4084	62	113.05	0.0152	0
daptomycin	4075	93	302.74	0.0228	0
c1 esterase inhibitor	4046	1308	1856.71	0.3233	0
betaine	3976	882	37.9	0.2218	0
amikacin	3885	112	15.19	0.0288	0
collagenase clostridium histolyticum	3752	938	NA	0.25	0
glycine	3665	267	25.98	0.0729	0
belimumab	3659	255	97.92	0.0697	0
lomustine	3623	148	41.03	0.0409	0
mitotane	3461	140	29.32	0.0405	0
isocarboxazid	3460	428	9.49	0.1237	0
carboplatin	3369	12	14.62	0.0036	0
paclitaxel	3356	46	91	0.0137	0
nafarelin	3350	777	56.58	0.2319	0
trastuzumab	3339	374	279.46	0.112	0
delavirdine	3286	25	8.8	0.0076	0
difenoxin	3279	NA	6.12	NA	0
artemether	3278	NA	19.06	NA	0
lumefantrine	3278	NA	19.06	NA	0
mesna	3269	122	226.71	0.0373	0
lutropin alfa	3188	43	43.62	0.0135	0
fulvestrant	3185	276	82.71	0.0867	0
paromomycin	3174	429	16.04	0.1352	0
vorinostat	3133	264	213.92	0.0843	0
iloprost	3111	44	422.73	0.0141	0
docetaxel	3046	45	172.81	0.0148	0
phenylpropanolamine	3035	309	1.35	0.1018	0
natamycin	2894	274	13.86	0.0947	0
oxaliplatin	2889	91	277.24	0.0315	0
primaquine	2888	664	1.88	0.2299	0
imiglucerase	2867	1277	861.94	0.4454	0
neostigmine	2788	180	3.75	0.0646	0
estramustine	2652	126	19.23	0.0475	0
meropenem	2618	52	103.81	0.0199	0
gemcitabine	2493	44	116.67	0.0176	0
tinzaparin	2438	255	55.78	0.1046	0
rifapentine	2396	167	3.56	0.0697	0
secobarbital	2271	202	16.36	0.0889	0
pergolide	2255	125	4.09	0.0554	0
agalsidase beta	2251	645	808.42	0.2865	0
aminolevulinic acid	2182	503	221.96	0.2305	0
irinotecan	2182	14	113.94	0.0064	0
clioquinol	2114	28	4.95	0.0132	0
gefitinib	2105	198	57.12	0.0941	0
icatibant	2094	475	15438.96	0.2268	0
ethotoin	1934	96	6.11	0.0496	0
canakinumab	1895	735	562.7	0.3879	0
glucosamine	1852	94	1.84	0.0508	0
emedastine	1837	257	4.14	0.1399	0
bortezomib	1768	51	411.66	0.0288	0
doxorubicin	1719	NA	45.57	NA	0
oxymetazoline	1603	152	0.45	0.0948	0
alteplase	1490	66	290.96	0.0443	0
topotecan	1427	69	346.91	0.0484	0
miglustat	1366	413	566.49	0.3023	0
procyclidine	1294	41	1.84	0.0317	0
pemetrexed	1222	20	320.11	0.0164	0
sermorelin	1198	83	20.81	0.0693	0
cisplatin	1189	NA	6.19	NA	0
vincristine	1160	35	3.56	0.0302	0
pegaptanib	1126	67	41.61	0.0595	0
mitomycin	1036	123	69.38	0.1187	0
tigecycline	1030	22	154.89	0.0214	0
nabilone	1028	19	45.34	0.0185	0
sulfapyridine	1022	196	1.65	0.1918	0
lincomycin	1009	63	11.49	0.0624	0
bleomycin	965	254	30.56	0.2632	0
altretamine	944	72	65.47	0.0763	0
chloramphenicol	933	166	5.14	0.1779	0
eculizumab	925	304	1311.34	0.3286	0
alefacept	923	172	139.41	0.1863	0
degarelix	922	74	47.62	0.0803	0
cefoxitin	859	NA	24.91	NA	0
vinorelbine	855	23	21.69	0.0269	0
carbenicillin	854	96	10.99	0.1124	0
mannitol	853	64	5.32	0.075	0
mecamylamine	836	86	13.23	0.1029	0
pheniramine	835	NA	0.48	NA	0
diethylstilbestrol	831	70	1.99	0.0842	0
acetohydroxamic acid	829	72	3.22	0.0869	0
cytarabine	792	24	14.66	0.0303	0
amyl nitrite	766	93	2.68	0.1214	0
flucytosine	721	37	236.55	0.0513	0
cetuximab	718	25	417.63	0.0348	0
azacitidine	690	27	372.87	0.0391	0
busulfan	689	34	46.04	0.0493	0
droperidol	686	12	1.45	0.0175	0
deferoxamine	641	140	29.34	0.2184	0
nitisinone	630	349	631.24	0.554	0
cycloserine	626	60	8.49	0.0958	0
epoprostenol	622	12	120.64	0.0193	0
ephedrine	588	50	2.05	0.085	0
benzyl benzoate	570	122	0.48	0.214	0
phenol	537	66	19.36	0.1229	0
streptomycin	536	67	3.77	0.125	0
cefotaxime	531	19	12.68	0.0358	0
oprelvekin	522	19	165.22	0.0364	0
idursulfase	509	189	1091.89	0.3713	0
aldesleukin	498	14	289.39	0.0281	0
milrinone	496	12	229.79	0.0242	0
plerixafor	492	NA	5907.73	NA	0
oxacillin	490	21	122.93	0.0429	0
cidofovir	482	86	119.73	0.1784	0
mifepristone	452	18	447.17	0.0398	0
cocaine	450	76	28.78	0.1689	0
micafungin	438	NA	173.76	NA	0
propofol	435	NA	12.47	NA	0
dinoprostone	388	70	62.63	0.1804	0
docosanol	386	32	1.47	0.0829	0
alglucosidase alfa	380	89	2411.17	0.2342	0
alitretinoin	367	68	110.44	0.1853	0
monobenzone	362	97	8.91	0.268	0
methysergide	355	15	7.36	0.0423	0
fludarabine	337	NA	160.58	NA	0
vinblastine	335	NA	5.3	NA	0
ambenonium	309	58	7.23	0.1877	0
flumazenil	309	21	15.77	0.068	0
dacarbazine	283	NA	14.66	NA	0
adenosine	276	12	4.77	0.0435	0
mitoxantrone	275	23	79.57	0.0836	0
aminosalicylic acid	260	29	5.12	0.1115	0
thiotepa	258	30	42.39	0.1163	0
loracarbef	248	43	9.25	0.1734	0
decitabine	226	NA	557.07	NA	0
metyrapone	226	NA	116.51	NA	0
pemoline	220	13	0.85	0.0591	0
tolnaftate	212	31	0.39	0.1462	0
phenylbutazone	205	NA	2.79	NA	0
laronidase	204	48	929.32	0.2353	0
ethionamide	196	NA	7.94	NA	0
stanozolol	195	54	4.02	0.2769	0
cyclandelate	161	NA	1.14	NA	0
galsulfase	159	57	2388.35	0.3585	0
hyaluronidase	154	27	72	0.1753	0
caspofungin	153	NA	329.02	NA	0
secretin	148	27	20.52	0.1824	0
biperiden	146	NA	1.1	NA	0
lepirudin	140	NA	458.84	NA	0
vidarabine	140	12	35.98	0.0857	0
temsirolimus	135	NA	388.58	NA	0
procaine	134	17	19.46	0.1269	0
daclizumab	131	51	351.43	0.3893	0
panitumumab	131	11	872.43	0.084	0
epirubicin	123	NA	86.55	NA	0
ixabepilone	117	NA	207.75	NA	0
alemtuzumab	110	NA	737.72	NA	0
carmustine	106	NA	36.22	NA	0
levamisole	102	28	9.47	0.2745	0
guanethidine	99	NA	14.97	NA	0
ropivacaine	98	NA	17.28	NA	0
barbital	96	19	3.88	0.1979	0
mepivacaine	94	NA	3.74	NA	0
dyclonine	91	13	5.46	0.1429	0
dobutamine	90	NA	10.55	NA	0
cefotetan	84	NA	60.38	NA	0
dienestrol	80	NA	0.95	NA	0
dopamine	75	NA	6.02	NA	0
pentobarbital	72	NA	11.51	NA	0
ticarcillin	69	NA	44.27	NA	0
zalcitabine	68	NA	6.63	NA	0
kanamycin	67	NA	18.48	NA	0
fosphenytoin	66	NA	19.89	NA	0
isopropamide	66	NA	0.46	NA	0
sufentanil	63	NA	852.54	NA	0
trichlormethiazide	61	NA	0.98	NA	0
valrubicin	60	12	553.83	0.2	0
acetylcholine	56	NA	7.84	NA	0
foscarnet	53	NA	84.53	NA	0
digitoxin	48	NA	1.62	NA	0
sulfathiazole	48	NA	0.26	NA	0
basiliximab	47	NA	194.67	NA	0
tripelennamine	45	NA	3.2	NA	0
amifostine	43	NA	248.7	NA	0
oxytetracycline	42	NA	4.67	NA	0
sodium tetradecyl sulfate	42	14	37.73	0.3333	0
furazolidone	40	18	4.24	0.45	0
triclosan	40	NA	0.19	NA	0
tacrine	39	NA	10.2	NA	0
alglucerase	34	12	284.12	0.3529	0
cladribine	34	NA	566.65	NA	0
chloroprocaine	31	NA	11.02	NA	0
pegaspargase	30	NA	1026.34	NA	0
phenolphthalein	30	30	3.37	1	0
acepromazine	29	NA	0	NA	0
verteporfin	28	NA	391.87	NA	0
azatadine	23	NA	1.48	NA	0
anidulafungin	22	NA	208.1	NA	0
pentostatin	22	NA	184.74	NA	0
capreomycin	21	NA	0	NA	0
dexmedetomidine	21	NA	57.14	NA	0
theobromine	21	NA	1.93	NA	0
dactinomycin	20	NA	654.64	NA	0
fructose	20	NA	0.65	NA	0
streptozocin	18	NA	62.46	NA	0
amprenavir	16	NA	8.44	NA	0
arsenic trioxide	16	NA	261.79	NA	0
ifosfamide	15	NA	74.12	NA	0
carglumic acid	14	NA	1783.94	NA	0
xylometazoline	14	NA	1.48	NA	0
dexrazoxane	12	NA	77.46	NA	0
palifermin	12	NA	1230.7	NA	0
carbimazole	11	NA	0.37	NA	0
physostigmine	11	NA	2.48	NA	0
attapulgite	10	NA	0.43	NA	0
etomidate	10	NA	18.41	NA	0
fluorescein	10	NA	1.71	NA	0
cisapride	9	NA	7.62	NA	0
idoxuridine	9	NA	8.76	NA	0
niclosamide	9	NA	11.05	NA	0
polythiazide	9	NA	1.13	NA	0
nitroprusside	8	NA	4.21	NA	0
alvimopan	8	NA	107.69	NA	0
aminoglutethimide	7	NA	6.78	NA	0
daunorubicin	7	NA	90.4	NA	0
doxapram	7	NA	0.67	NA	0
eptifibatide	7	NA	1081.34	NA	0
rasburicase	7	NA	655.06	NA	0
idarubicin	6	NA	206.34	NA	0
iodixanol	6	NA	52.02	NA	0
kaolin	6	NA	0.9	NA	0
tioconazole	6	NA	7.85	NA	0
levocabastine	5	NA	2.12	NA	0
mesoridazine	5	NA	0.5	NA	0
amodiaquine	4	NA	0.81	NA	0
argatroban	4	NA	288.14	NA	0
dihydrotachysterol	4	NA	4.15	NA	0
thiopental	4	NA	9.06	NA	0
valdecoxib	4	NA	2.89	NA	0
gadoversetamide	4	NA	1	NA	0
abciximab	3	NA	23.15	NA	0
alfentanil	3	NA	2.35	NA	0
asparaginase	3	NA	6.62	NA	0
medrysone	3	NA	1.59	NA	0
sevoflurane	3	NA	34.46	NA	0
vecuronium	3	NA	9.59	NA	0
atracurium	2	NA	9.67	NA	0
bivalirudin	2	NA	1.8	NA	0
cloxacillin	2	NA	0.5	NA	0
denileukin diftitox	2	NA	1339.55	NA	0
enflurane	2	NA	5.04	NA	0
pancuronium	2	NA	2.33	NA	0
phenacemide	2	NA	3.8	NA	0
sulfinpyrazone	2	NA	0	NA	0
phenindione	2	NA	1.07	NA	0
oxyphencyclimine	2	NA	7.86	NA	0
ceftizoxime	1	NA	19.69	NA	0
diethylcarbamazine	1	NA	6.56	NA	0
gadodiamide	1	NA	119.39	NA	0
halothane	1	NA	1.1	NA	0
promazine	1	NA	4	NA	0
rofecoxib	1	NA	0	NA	0
streptokinase	1	NA	0.64	NA	0
troleandomycin	1	NA	0	NA	0
sulfamerazine	1	NA	2.25	NA	0
